job_name,salary,company
爬虫工程师,15k-30k,北京恒昌利通
python爬虫,20k-30k,汉得信息
爬虫研发工程师,20k-40k,达达-京东到家
爬虫工程师,25k-50k,北京字节跳动
爬虫工程师,12k-20k,中科聚网
爬虫工程师,15k-30k,Boss直聘
爬虫工程师,18k-36k,奇虎360
爬虫工程师,18k-35k,同程艺龙
爬虫工程师,11k-21k,中软国际
爬虫工程师,15k-25k,人民网
Python爬虫工程师,15k-30k,数创天下
高级爬虫工程师,15k-30k,旅悦
高级爬虫工程师,18k-25k,千里马招标网
爬虫工程师,15k-29k,执中数据科技（北...
爬虫工程师,20k-40k,小米
爬虫工程师,15k-20k,Boss直聘
爬虫工程师,15k-25k,北京佰策科技有限...
爬虫工程师,15k-30k,凤凰金融
Java反爬虫,25k-45k,同程艺龙
高级java爬虫工程师,25k-45k,松鼠拼拼
爬虫工程师,10k-15k,迪思公关
爬虫工程师,20k-40k,酷酷二手车
python爬虫工程师,15k-23k,神州优车集团
爬虫工程师,20k-30k,DNV音乐集团
爬虫工程师,18k-30k,北京好脉
爬虫工程师,10k-15k,布本智能
爬虫工程师,13k-18k,联创信安
高级（Java）爬虫工程师,18k-25k,千里马招标网
爬虫工程师,18k-25k,千里马网
Python爬虫工程师,14k-16k,联想利泰
